{
  "graph_generation": [
    {
      "num_clusters": 10000,
      "num_people_per_cluster": 5,
      "category_ratios": [8, 2]
    }, {
      "num_clusters": 100,
      "num_people_per_cluster": 100,
      "category_ratios": [0, 1]
    }
  ],
  "simulation": {
    "stopping_conditions": {
      "num_days": 200,
      "on_icu_overflow": false
    },
    "num_icus": 100,
    "mu": 1,
    "prob_transmission": 0.5,
    "k_trip": 1,
    "isolate_cluster_on_known_case": true,
    "initial_params": [
      {
        "prob_goes_on_trip": 0.13,
        "prob_c_trip_candidate": 0.05,
        "prob_c_neighbour_trip_candidate": 0.15,
        "prob_s_to_i": 0,
        "days_i_to_c": 6,
        "prob_i_to_ic": 0.02,
        "days_c_to_im": 11,
        "days_ic_to_im_or_c": 29,
        "prob_ic_to_d": 0.1,
        "prob_to_nic": 0.0001,
        "prob_nic_to_d": 0.1,
        "days_nic": 14
      },
      {
        "prob_goes_on_trip": 0.13,
        "prob_c_trip_candidate": 0.05,
        "prob_c_neighbour_trip_candidate": 0.15,
        "prob_s_to_i": 0,
        "days_i_to_c": 6,
        "prob_i_to_ic": 0.2,
        "days_c_to_im": 11,
        "days_ic_to_im_or_c": 29,
        "prob_ic_to_d": 0.3,
        "prob_to_nic": 0.0002,
        "prob_nic_to_d": 0.2,
        "days_nic": 14
      }
    ],
    "events": [
      {
        "label": "pocela korona",
        "day": 20,
        "update_params": {
          "prob_s_to_i": [0.000002, 0.000002]
        }
      },
      {
        "label": "karantena",
        "day": 50,
        "update_params": {
          "prob_goes_on_trip": [0.05, 0.05]
        }
      },
      {
        "label": "karantena ukinuta",
        "day": 80,
        "update_params": {
          "prob_goes_on_trip": [0.5, 0.5]
        }
      }
    ]
  }
}
