{
  "graph_generation": [
    {
      "num_clusters": 100000,
      "num_people_per_cluster": 4,
      "category_ratios": [100]
    }
  ],
  "simulation": {
    "stopping_conditions": {
      "num_days": 3650,
      "on_icu_overflow": false
    },
    "num_icus": 100000,
    "mu": 5,
    "prob_transmission": 0.5,
    "k_trip": 2.5,
    "isolate_cluster_on_known_case": true,
    "initial_params": [
      {
        "prob_goes_on_trip": 1,
        "prob_c_trip_candidate": 0,
        "prob_c_neighbour_trip_candidate": 1,
        "prob_s_to_i": 0.00001,
        "days_i_to_c": 5,
        "prob_i_to_ic": 0.02,
        "days_c_to_im": 10,
        "days_ic_to_im_or_c": 10,
        "prob_ic_to_d": 1,
        "prob_to_nic": 0,
        "prob_nic_to_d": 0,
        "days_nic": 0
      }
    ],
    "events": [
      {
        "label": "kraj uvoza virusa",
        "day": 30,
        "update_params": {
          "prob_s_to_i": [0]
        }
      }
    ]
  }
}
