{
  "graph_generation": [
    {
      "num_clusters": 200000,
      "num_people_per_cluster": 5,
      "category_ratios": [72, 28]
    }
  ],
  "simulation": {
    "stopping_conditions": {
      "num_days": 1200,
      "on_icu_overflow": false
    },
    "num_icus": 200,
    "mu": 5,
    "prob_transmission": 0.1,
    "k_trip": 2.5,
    "isolate_cluster_on_known_case": true,
    "initial_params": [
      {
        "prob_goes_on_trip": 0.3,
        "prob_m_trip_candidate": 0,
        "prob_m_neighbour_trip_candidate": 0.9,
        "prob_s_to_i": 0,
        "days_i_to_sick": 5,
        "prob_i_to_ic": 0.00471,
        "days_m_to_r": 11,
        "days_ic_to_r_or_d": 10,
        "prob_ic_to_d": 0.286,
        "prob_to_nic": 0.00000618,
        "prob_nic_to_d": 0.36,
        "days_nic": 5
      },
      {
        "prob_goes_on_trip": 0.3,
        "prob_m_trip_candidate": 0,
        "prob_m_neighbour_trip_candidate": 0.9,
        "prob_s_to_i": 0,
        "days_i_to_sick": 5,
        "prob_i_to_ic": 0.11285,
        "days_m_to_r": 11,
        "days_ic_to_r_or_d": 10,
        "prob_ic_to_d": 0.286,
        "prob_to_nic": 0.00000618,
        "prob_nic_to_d": 0.36,
        "days_nic": 5
      }
    ],
    "events": [
      {
        "label": "pocela korona",
        "day": 15,
        "update_params": {
          "prob_s_to_i": [0.000001, 0.000001]
        }
      },
      {
        "label": "kraj uvez. korona",
        "day": 45,
        "update_params": {
          "prob_s_to_i": [0, 0]
        }
      }
    ]
  }
}
